{"r2": 0.5509861079784153, "mae": 34.15700856659389, "feature_importance": {"_type": "image-file", "sha256": "a0ed8bf1eac280e38c387f3cc5f9934bf932f3418bfe062a28aa815c669b9040", "size": 33312, "path": "media/images/feature_importance_0_a0ed8bf1eac280e38c38.png", "format": "png", "width": 1000, "height": 1000}, "_timestamp": 1702751077.4796648, "_runtime": 30.927478790283203, "_step": 0, "_wandb": {"runtime": 30}}