{"r2": 0.5459895878339924, "mae": 34.40483900595334, "feature_importance": {"_type": "image-file", "sha256": "2ce2968ec6fdab01bf73cfb3afc3db4211d4b699a5c3b4ed925fd79114943469", "size": 33315, "path": "media/images/feature_importance_0_2ce2968ec6fdab01bf73.png", "format": "png", "width": 1000, "height": 1000}, "_timestamp": 1702750853.142733, "_runtime": 17.214912176132202, "_step": 0, "_wandb": {"runtime": 16}}