{"r2": 0.550922329458075, "mae": 34.17969386688097, "feature_importance": {"_type": "image-file", "sha256": "38137d4e4b49b01d54f878579d1192b9e0f5dcd72ea67c2ec91838f05a1a5aae", "size": 33310, "path": "media/images/feature_importance_0_38137d4e4b49b01d54f8.png", "format": "png", "width": 1000, "height": 1000}, "_timestamp": 1702750918.2042644, "_runtime": 18.640143394470215, "_step": 0, "_wandb": {"runtime": 17}}