{"r2": 0.5519470714568394, "mae": 34.12780800870754, "feature_importance": {"_type": "image-file", "sha256": "ef69b2d29e755ebbe46f96fa4908a5db8df10953bf3a43f4801704d1d873af13", "size": 33309, "path": "media/images/feature_importance_0_ef69b2d29e755ebbe46f.png", "format": "png", "width": 1000, "height": 1000}, "_timestamp": 1702753720.7024605, "_runtime": 19.87652063369751, "_step": 0, "_wandb": {"runtime": 19}}