{"r2": 0.550922329458075, "mae": 34.179693866880974, "feature_importance": {"_type": "image-file", "sha256": "38137d4e4b49b01d54f878579d1192b9e0f5dcd72ea67c2ec91838f05a1a5aae", "size": 33310, "path": "media/images/feature_importance_0_38137d4e4b49b01d54f8.png", "format": "png", "width": 1000, "height": 1000}, "_timestamp": 1702751031.4640236, "_runtime": 20.829639673233032, "_step": 0, "_wandb": {"runtime": 19}}