{"r2": 0.5519470714568394, "mae": 34.12780800870755, "feature_importance": {"_type": "image-file", "sha256": "ef69b2d29e755ebbe46f96fa4908a5db8df10953bf3a43f4801704d1d873af13", "size": 33309, "path": "media/images/feature_importance_0_ef69b2d29e755ebbe46f.png", "format": "png", "width": 1000, "height": 1000}, "_timestamp": 1702750332.255619, "_runtime": 18.85539698600769, "_step": 0, "_wandb": {"runtime": 18}}