{"r2": 0.550624748873912, "mae": 34.19237636095742, "feature_importance": {"_type": "image-file", "sha256": "789c201b433665d6d2477fa610abfc51d9a236df31471c6d387b1844fd969744", "size": 33305, "path": "media/images/feature_importance_0_789c201b433665d6d247.png", "format": "png", "width": 1000, "height": 1000}, "_timestamp": 1702750996.9903545, "_runtime": 16.103079557418823, "_step": 0, "_wandb": {"runtime": 15}}